Workbook

Sheet Instruções
B2: EXCEL AVANÇADO — Controle de Vendas e Comissões
B3: Atividade de cálculo avançado com fórmulas condicionais aninhadas
B5: Objetivo
B6: Completar, na aba "Vendas", as fórmulas que calculam automaticamente o desconto, a comissão e o total líquido de cada venda, e depois resumir os resultados por vendedor na aba "Resumo".
B10: Regras de Desconto (sobre o Subtotal, conforme a Quantidade vendida)
B11: • Quantidade ≥ 50 unidades | E11: 15% de desconto
B12: • Quantidade ≥ 20 unidades | E12: 10% de desconto
B13: • Quantidade ≥ 10 unidades | E13: 5% de desconto
B14: • Quantidade < 10 unidades | E14: 0% (sem desconto)
B16: Regras de Comissão (sobre o Valor com Desconto)
B17: • Valor com desconto ≥ R$ 5.000 | E17: 12% de comissão
B18: • Valor com desconto ≥ R$ 2.000 | E18: 8% de comissão
B19: • Valor com desconto ≥ R$ 500 | E19: 5% de comissão
B20: • Valor com desconto < R$ 500 | E20: 3% de comissão
B22: O que fazer
B23: 1. Na aba "Vendas", a linha 2 já está pronta como EXEMPLO (fundo verde-claro) — estude as fórmulas dela.
B24: 2. Complete as células destacadas em AMARELO (linhas 3 a 41) repetindo a lógica do exemplo.
B25: 3. Use SE (aninhado) para Desconto (%) e para Comissão (%), seguindo as faixas acima.
B26: 4. Na aba "Resumo", complete a tabela por vendedor usando SOMASE, MÉDIA, MÁXIMO e ÍNDICE/CORRESP.
B28: Legenda de cores
B29: Verde-claro = exemplo já resolvido, para você estudar
B30: Amarelo = célula que você precisa preencher com fórmula

Sheet Vendas
A1: Nº | B1: Data | C1: Vendedor | D1: Categoria | E1: Produto | F1: Quantidade | G1: Preço Unitário (R$) | H1: Subtotal (R$) | I1: Desconto (%) | J1: Valor do Desconto (R$) | K1: Valor com Desconto (R$) | L1: Comissão (%) | M1: Valor da Comissão (R$) | N1: Total Líquido Empresa (R$)
A2: 1 | B2: 05/01/2026 | C2: Fernanda Alves | D2: Informática | E2: Webcam Full HD | F2: 55 | G2: 149.9 | H2: =F2*G2 -> 8244.5 | I2: =IF(F2>=50,0.15,IF(F2>=20,0.1,IF(F2>=10,0.05,0))) -> 0.15 | J2: =H2*I2 -> 1236.675 | K2: =H2-J2 -> 7007.825 | L2: =IF(K2>=5000,0.12,IF(K2>=2000,0.08,IF(K2>=500,0.05,0.03))) -> 0.12 | M2: =K2*L2 -> 840.939 | N2: =K2-M2 -> 6166.886
A3: 2 | B3: 05/01/2026 | C3: Tatiane Rocha | D3: Informática | E3: HD Externo 1TB | F3: 3 | G3: 289.9 | H3: =F3*G3 -> 869.7 | I3: =IF(F3>=50,0.15,IF(F3>=20,0.1,IF(F3>=10,0.05,0))) -> 0 | J3: =H3*I3 -> 0 | K3: =H3-J3 -> 869.7 | L3: =IF(K3>=5000,0.12,IF(K3>=2000,0.08,IF(K3>=500,0.05,0.03))) -> 0.05 | M3: =K3*L3 -> 43.485 | N3: =K3-M3 -> 826.215
A4: 3 | B4: 06/01/2026 | C4: Juliana Martins | D4: Casa | E4: Jogo de Cama Casal | F4: 6 | G4: 139.9 | H4: =F4*G4 -> 839.4 | I4: =IF(F4>=50,0.15,IF(F4>=20,0.1,IF(F4>=10,0.05,0))) -> 0 | J4: =H4*I4 -> 0 | K4: =H4-J4 -> 839.4 | L4: =IF(K4>=5000,0.12,IF(K4>=2000,0.08,IF(K4>=500,0.05,0.03))) -> 0.05 | M4: =K4*L4 -> 41.97 | N4: =K4-M4 -> 797.43
A5: 4 | B5: 07/01/2026 | C5: Carlos Eduardo Lima | D5: Papelaria | E5: Kit de Canetas | F5: 30 | G5: 15.9 | H5: =F5*G5 -> 477 | I5: =IF(F5>=50,0.15,IF(F5>=20,0.1,IF(F5>=10,0.05,0))) -> 0.1 | J5: =H5*I5 -> 47.7 | K5: =H5-J5 -> 429.3 | L5: =IF(K5>=5000,0.12,IF(K5>=2000,0.08,IF(K5>=500,0.05,0.03))) -> 0.03 | M5: =K5*L5 -> 12.879 | N5: =K5-M5 -> 416.421
A6: 5 | B6: 13/01/2026 | C6: Patrícia Gomes | D6: Eletrônicos | E6: Carregador Turbo | F6: 20 | G6: 59.9 | H6: =F6*G6 -> 1198 | I6: =IF(F6>=50,0.15,IF(F6>=20,0.1,IF(F6>=10,0.05,0))) -> 0.1 | J6: =H6*I6 -> 119.8 | K6: =H6-J6 -> 1078.2 | L6: =IF(K6>=5000,0.12,IF(K6>=2000,0.08,IF(K6>=500,0.05,0.03))) -> 0.05 | M6: =K6*L6 -> 53.91 | N6: =K6-M6 -> 1024.29
A7: 6 | B7: 13/01/2026 | C7: Carlos Eduardo Lima | D7: Vestuário | E7: Camiseta Básica | F7: 60 | G7: 39.9 | H7: =F7*G7 -> 2394 | I7: =IF(F7>=50,0.15,IF(F7>=20,0.1,IF(F7>=10,0.05,0))) -> 0.15 | J7: =H7*I7 -> 359.1 | K7: =H7-J7 -> 2034.9 | L7: =IF(K7>=5000,0.12,IF(K7>=2000,0.08,IF(K7>=500,0.05,0.03))) -> 0.08 | M7: =K7*L7 -> 162.792 | N7: =K7-M7 -> 1872.108
A8: 7 | B8: 15/01/2026 | C8: Gustavo Ribeiro | D8: Eletrônicos | E8: Fone de Ouvido Bluetooth | F8: 25 | G8: 89.9 | H8: =F8*G8 -> 2247.5 | I8: =IF(F8>=50,0.15,IF(F8>=20,0.1,IF(F8>=10,0.05,0))) -> 0.1 | J8: =H8*I8 -> 224.75 | K8: =H8-J8 -> 2022.75 | L8: =IF(K8>=5000,0.12,IF(K8>=2000,0.08,IF(K8>=500,0.05,0.03))) -> 0.08 | M8: =K8*L8 -> 161.82 | N8: =K8-M8 -> 1860.93
A9: 8 | B9: 16/01/2026 | C9: Tatiane Rocha | D9: Papelaria | E9: Kit de Canetas | F9: 60 | G9: 15.9 | H9: =F9*G9 -> 954 | I9: =IF(F9>=50,0.15,IF(F9>=20,0.1,IF(F9>=10,0.05,0))) -> 0.15 | J9: =H9*I9 -> 143.1 | K9: =H9-J9 -> 810.9 | L9: =IF(K9>=5000,0.12,IF(K9>=2000,0.08,IF(K9>=500,0.05,0.03))) -> 0.05 | M9: =K9*L9 -> 40.545 | N9: =K9-M9 -> 770.355
A10: 9 | B10: 18/01/2026 | C10: Fernanda Alves | D10: Informática | E10: Cabo HDMI 2m | F10: 3 | G10: 29.9 | H10: =F10*G10 -> 89.7 | I10: =IF(F10>=50,0.15,IF(F10>=20,0.1,IF(F10>=10,0.05,0))) -> 0 | J10: =H10*I10 -> 0 | K10: =H10-J10 -> 89.7 | L10: =IF(K10>=5000,0.12,IF(K10>=2000,0.08,IF(K10>=500,0.05,0.03))) -> 0.03 | M10: =K10*L10 -> 2.691 | N10: =K10-M10 -> 87.009
A11: 10 | B11: 19/01/2026 | C11: Juliana Martins | D11: Eletrônicos | E11: Mouse sem Fio | F11: 30 | G11: 39.9 | H11: =F11*G11 -> 1197 | I11: =IF(F11>=50,0.15,IF(F11>=20,0.1,IF(F11>=10,0.05,0))) -> 0.1 | J11: =H11*I11 -> 119.7 | K11: =H11-J11 -> 1077.3 | L11: =IF(K11>=5000,0.12,IF(K11>=2000,0.08,IF(K11>=500,0.05,0.03))) -> 0.05 | M11: =K11*L11 -> 53.865 | N11: =K11-M11 -> 1023.435
A12: 11 | B12: 19/01/2026 | C12: Rafael Nogueira | D12: Vestuário | E12: Tênis Esportivo | F12: 2 | G12: 219.9 | H12: =F12*G12 -> 439.8 | I12: =IF(F12>=50,0.15,IF(F12>=20,0.1,IF(F12>=10,0.05,0))) -> 0 | J12: =H12*I12 -> 0 | K12: =H12-J12 -> 439.8 | L12: =IF(K12>=5000,0.12,IF(K12>=2000,0.08,IF(K12>=500,0.05,0.03))) -> 0.03 | M12: =K12*L12 -> 13.194 | N12: =K12-M12 -> 426.606
A13: 12 | B13: 20/01/2026 | C13: Tatiane Rocha | D13: Informática | E13: Webcam Full HD | F13: 55 | G13: 149.9 | H13: =F13*G13 -> 8244.5 | I13: =IF(F13>=50,0.15,IF(F13>=20,0.1,IF(F13>=10,0.05,0))) -> 0.15 | J13: =H13*I13 -> 1236.675 | K13: =H13-J13 -> 7007.825 | L13: =IF(K13>=5000,0.12,IF(K13>=2000,0.08,IF(K13>=500,0.05,0.03))) -> 0.12 | M13: =K13*L13 -> 840.939 | N13: =K13-M13 -> 6166.886
... A41: 40 | B41: 29/03/2026 | C41: Juliana Martins | D41: Vestuário | E41: Jaqueta Corta-Vento | F41: 40 | G41: 159.9 | H41: =F41*G41 -> 6396 | I41: =IF(F41>=50,0.15,IF(F41>=20,0.1,IF(F41>=10,0.05,0))) -> 0.1 | J41: =H41*I41 -> 639.6 | K41: =H41-J41 -> 5756.4 | L41: =IF(K41>=5000,0.12,IF(K41>=2000,0.08,IF(K41>=500,0.05,0.03))) -> 0.12 | M41: =K41*L41 -> 690.768 | N41: =K41-M41 -> 5065.632

Sheet Resumo
B2: Resumo por Vendedor
B4: Vendedor | C4: Qtde. de Vendas | D4: Total Vendido (R$) | E4: Comissão Total (R$) | F4: Ticket Médio (R$)
B5: Ana Beatriz Souza | C5: =COUNTIF(Vendas!$C$2:$C$41,B5) -> 2 | D5: =SUMIF(Vendas!$C$2:$C$41,B5,Vendas!$K$2:$K$41) -> 3806.36 | E5: =SUMIF(Vendas!$C$2:$C$41,B5,Vendas!$M$2:$M$41) -> 265.5238 | F5: =IF(C5=0,0,D5/C5) -> 1903.18
B6: Carlos Eduardo Lima | C6: =COUNTIF(Vendas!$C$2:$C$41,B6) -> 2 | D6: =SUMIF(Vendas!$C$2:$C$41,B6,Vendas!$K$2:$K$41) -> 2464.2 | E6: =SUMIF(Vendas!$C$2:$C$41,B6,Vendas!$M$2:$M$41) -> 175.671 | F6: =IF(C6=0,0,D6/C6) -> 1232.1
B7: Fernanda Alves | C7: =COUNTIF(Vendas!$C$2:$C$41,B7) -> 5 | D7: =SUMIF(Vendas!$C$2:$C$41,B7,Vendas!$K$2:$K$41) -> 19125.86 | E7: =SUMIF(Vendas!$C$2:$C$41,B7,Vendas!$M$2:$M$41) -> 2101.347 | F7: =IF(C7=0,0,D7/C7) -> 3825.172
B8: Gustavo Ribeiro | C8: =COUNTIF(Vendas!$C$2:$C$41,B8) -> 3 | D8: =SUMIF(Vendas!$C$2:$C$41,B8,Vendas!$K$2:$K$41) -> 3091.45 | E8: =SUMIF(Vendas!$C$2:$C$41,B8,Vendas!$M$2:$M$41) -> 209.873 | F8: =IF(C8=0,0,D8/C8) -> 1030.4833
B9: Juliana Martins | C9: =COUNTIF(Vendas!$C$2:$C$41,B9) -> 5 | D9: =SUMIF(Vendas!$C$2:$C$41,B9,Vendas!$K$2:$K$41) -> 9329.99 | E9: =SUMIF(Vendas!$C$2:$C$41,B9,Vendas!$M$2:$M$41) -> 867.0555 | F9: =IF(C9=0,0,D9/C9) -> 1865.998
B10: Marcos Paulo Costa | C10: =COUNTIF(Vendas!$C$2:$C$41,B10) -> 4 | D10: =SUMIF(Vendas!$C$2:$C$41,B10,Vendas!$K$2:$K$41) -> 10537.875 | E10: =SUMIF(Vendas!$C$2:$C$41,B10,Vendas!$M$2:$M$41) -> 1150.7948 | F10: =IF(C10=0,0,D10/C10) -> 2634.4688
B11: Patrícia Gomes | C11: =COUNTIF(Vendas!$C$2:$C$41,B11) -> 6 | D11: =SUMIF(Vendas!$C$2:$C$41,B11,Vendas!$K$2:$K$41) -> 4435.09 | E11: =SUMIF(Vendas!$C$2:$C$41,B11,Vendas!$M$2:$M$41) -> 209.6645 | F11: =IF(C11=0,0,D11/C11) -> 739.18167
B12: Rafael Nogueira | C12: =COUNTIF(Vendas!$C$2:$C$41,B12) -> 3 | D12: =SUMIF(Vendas!$C$2:$C$41,B12,Vendas!$K$2:$K$41) -> 1486.25 | E12: =SUMIF(Vendas!$C$2:$C$41,B12,Vendas!$M$2:$M$41) -> 56.0355 | F12: =IF(C12=0,0,D12/C12) -> 495.41667
B13: Tatiane Rocha | C13: =COUNTIF(Vendas!$C$2:$C$41,B13) -> 6 | D13: =SUMIF(Vendas!$C$2:$C$41,B13,Vendas!$K$2:$K$41) -> 13992.075 | E13: =SUMIF(Vendas!$C$2:$C$41,B13,Vendas!$M$2:$M$41) -> 1542.696 | F13: =IF(C13=0,0,D13/C13) -> 2332.0125
B14: Vinícius Andrade | C14: =COUNTIF(Vendas!$C$2:$C$41,B14) -> 4 | D14: =SUMIF(Vendas!$C$2:$C$41,B14,Vendas!$K$2:$K$41) -> 2804.135 | E14: =SUMIF(Vendas!$C$2:$C$41,B14,Vendas!$M$2:$M$41) -> 130.28925 | F14: =IF(C14=0,0,D14/C14) -> 701.03375
B16: Totais Gerais e Destaques
B17: Total Geral Vendido (R$) | D17: =SUM(D5:D14) -> 71073.285
B18: Comissão Total Paga (R$) | D18: =SUM(E5:E14) -> 6708.9503
B19: Maior Venda Individual (R$) | D19: =MAX(Vendas!$K$2:$K$41) -> 9131.85
B20: Vendedor Campeão (maior total vendido) | D20: =INDEX(B5:B14,MATCH(MAX(D5:D14),D5:D14,0)) -> Fernanda Alves
