Workbook

Sheet Instruções
B2: EXCEL AVANÇADO — Catálogo de Produtos: Busca e Gráficos
B3: Atividade de PROCV / ÍNDICE+CORRESP e criação de gráficos
B5: Objetivo
B6: A aba "Produtos" tem o catálogo completo da loja. A aba "Vendas" já mostra como usar PROCV para trazer Nome, Categoria e Preço a partir do Código do produto. A aba "Dashboard" resume tudo em tabelas e gráficos prontos.
B10: O que fazer
B11: 1. Estude a aba "Vendas": as colunas de busca já usam PROCV e ÍNDICE+CORRESP prontos.
B12: 2. Na aba "Busca", a linha de EXEMPLO (fundo azul-claro) já funciona: digite um código e veja os dados.
B13: 3. Complete o "Pratique Você Mesmo" (fundo amarelo): escreva as mesmas fórmulas para o código indicado.
B14: 4. Na aba "Dashboard", veja como as tabelas de resumo (SOMASE) alimentam os 3 gráficos.
B15: 5. Desafio extra: troque o código de busca na aba "Busca" por outros códigos da aba "Produtos" e confira se atualiza sozinho.
B17: Legenda de cores
B18: Azul-claro = exemplo já resolvido, para você estudar
B19: Amarelo = célula que você precisa preencher com fórmula

Sheet Produtos
A1: Código | B1: Nome do Produto | C1: Categoria | D1: Preço Unitário (R$) | E1: Estoque (un)
A2: ELE001 | B2: Fone de Ouvido Bluetooth | C2: Eletrônicos | D2: 89.9 | E2: 87
A3: ELE002 | B3: Caixa de Som Portátil | C3: Eletrônicos | D3: 129.9 | E3: 43
A4: ELE003 | B4: Carregador Turbo | C4: Eletrônicos | D4: 59.9 | E4: 106
A5: ELE004 | B5: Smartwatch | C5: Eletrônicos | D5: 249.9 | E5: 171
A6: ELE005 | B6: Mouse sem Fio | C6: Eletrônicos | D6: 39.9 | E6: 17
A7: ELE006 | B7: Power Bank 10000mAh | C7: Eletrônicos | D7: 99.9 | E7: 23
A8: ELE007 | B8: Fone com Fio P2 | C8: Eletrônicos | D8: 24.9 | E8: 142
A9: INF001 | B9: Pendrive 64GB | C9: Informática | D9: 44.9 | E9: 29
A10: INF002 | B10: HD Externo 1TB | C10: Informática | D10: 289.9 | E10: 98
A11: INF003 | B11: Teclado Mecânico | C11: Informática | D11: 199.9 | E11: 154
A12: INF004 | B12: Webcam Full HD | C12: Informática | D12: 149.9 | E12: 19
A13: INF005 | B13: Cabo HDMI 2m | C13: Informática | D13: 29.9 | E13: 134
... A36: VES007 | B36: Óculos de Sol | C36: Vestuário | D36: 99.9 | E36: 61

Sheet Vendas
A1: Nº | B1: Data | C1: Código | D1: Quantidade | E1: Nome do Produto (PROCV) | F1: Categoria (ÍNDICE+CORRESP) | G1: Preço Unitário (PROCV) | H1: Valor Total (R$)
A2: 1 | B2: 46027 | C2: ELE004 | D2: 2 | E2: =VLOOKUP(C2,Produtos!$A$2:$E$36,2,0) -> Smartwatch | F2: =INDEX(Produtos!$A$2:$E$36,MATCH(C2,Produtos!$A$2:$A$36,0),3) -> Eletrônicos | G2: =VLOOKUP(C2,Produtos!$A$2:$E$36,4,0) -> 249.9 | H2: =D2*G2 -> 499.8
A3: 2 | B3: 46033 | C3: CAS003 | D3: 10 | E3: =VLOOKUP(C3,Produtos!$A$2:$E$36,2,0) -> Luminária de Mesa | F3: =INDEX(Produtos!$A$2:$E$36,MATCH(C3,Produtos!$A$2:$A$36,0),3) -> Casa | G3: =VLOOKUP(C3,Produtos!$A$2:$E$36,4,0) -> 69.9 | H3: =D3*G3 -> 699
A4: 3 | B4: 46042 | C4: ELE005 | D4: 10 | E4: =VLOOKUP(C4,Produtos!$A$2:$E$36,2,0) -> Mouse sem Fio | F4: =INDEX(Produtos!$A$2:$E$36,MATCH(C4,Produtos!$A$2:$A$36,0),3) -> Eletrônicos | G4: =VLOOKUP(C4,Produtos!$A$2:$E$36,4,0) -> 39.9 | H4: =D4*G4 -> 399
A5: 4 | B5: 46042 | C5: INF001 | D5: 8 | E5: =VLOOKUP(C5,Produtos!$A$2:$E$36,2,0) -> Pendrive 64GB | F5: =INDEX(Produtos!$A$2:$E$36,MATCH(C5,Produtos!$A$2:$A$36,0),3) -> Informática | G5: =VLOOKUP(C5,Produtos!$A$2:$E$36,4,0) -> 44.9 | H5: =D5*G5 -> 359.2
A6: 5 | B6: 46046 | C6: ELE003 | D6: 11 | E6: =VLOOKUP(C6,Produtos!$A$2:$E$36,2,0) -> Carregador Turbo | F6: =INDEX(Produtos!$A$2:$E$36,MATCH(C6,Produtos!$A$2:$A$36,0),3) -> Eletrônicos | G6: =VLOOKUP(C6,Produtos!$A$2:$E$36,4,0) -> 59.9 | H6: =D6*G6 -> 658.9
A7: 6 | B7: 46048 | C7: PAP001 | D7: 3 | E7: =VLOOKUP(C7,Produtos!$A$2:$E$36,2,0) -> Caderno Universitário | F7: =INDEX(Produtos!$A$2:$E$36,MATCH(C7,Produtos!$A$2:$A$36,0),3) -> Papelaria | G7: =VLOOKUP(C7,Produtos!$A$2:$E$36,4,0) -> 22.5 | H7: =D7*G7 -> 67.5
A8: 7 | B8: 46050 | C8: VES002 | D8: 2 | E8: =VLOOKUP(C8,Produtos!$A$2:$E$36,2,0) -> Jaqueta Corta-Vento | F8: =INDEX(Produtos!$A$2:$E$36,MATCH(C8,Produtos!$A$2:$A$36,0),3) -> Vestuário | G8: =VLOOKUP(C8,Produtos!$A$2:$E$36,4,0) -> 159.9 | H8: =D8*G8 -> 319.8
A9: 8 | B9: 46050 | C9: PAP006 | D9: 11 | E9: =VLOOKUP(C9,Produtos!$A$2:$E$36,2,0) -> Marcador de Texto | F9: =INDEX(Produtos!$A$2:$E$36,MATCH(C9,Produtos!$A$2:$A$36,0),3) -> Papelaria | G9: =VLOOKUP(C9,Produtos!$A$2:$E$36,4,0) -> 12.9 | H9: =D9*G9 -> 141.9
A10: 9 | B10: 46051 | C10: INF006 | D10: 6 | E10: =VLOOKUP(C10,Produtos!$A$2:$E$36,2,0) -> SSD 480GB | F10: =INDEX(Produtos!$A$2:$E$36,MATCH(C10,Produtos!$A$2:$A$36,0),3) -> Informática | G10: =VLOOKUP(C10,Produtos!$A$2:$E$36,4,0) -> 249.9 | H10: =D10*G10 -> 1499.4
A11: 10 | B11: 46052 | C11: INF003 | D11: 9 | E11: =VLOOKUP(C11,Produtos!$A$2:$E$36,2,0) -> Teclado Mecânico | F11: =INDEX(Produtos!$A$2:$E$36,MATCH(C11,Produtos!$A$2:$A$36,0),3) -> Informática | G11: =VLOOKUP(C11,Produtos!$A$2:$E$36,4,0) -> 199.9 | H11: =D11*G11 -> 1799.1
A12: 11 | B12: 46053 | C12: ELE006 | D12: 3 | E12: =VLOOKUP(C12,Produtos!$A$2:$E$36,2,0) -> Power Bank 10000mAh | F12: =INDEX(Produtos!$A$2:$E$36,MATCH(C12,Produtos!$A$2:$A$36,0),3) -> Eletrônicos | G12: =VLOOKUP(C12,Produtos!$A$2:$E$36,4,0) -> 99.9 | H12: =D12*G12 -> 299.7
A13: 12 | B13: 46058 | C13: CAS003 | D13: 8 | E13: =VLOOKUP(C13,Produtos!$A$2:$E$36,2,0) -> Luminária de Mesa | F13: =INDEX(Produtos!$A$2:$E$36,MATCH(C13,Produtos!$A$2:$A$36,0),3) -> Casa | G13: =VLOOKUP(C13,Produtos!$A$2:$E$36,4,0) -> 69.9 | H13: =D13*G13 -> 559.2
... A71: 70 | B71: 46206 | C71: ELE005 | D71: 1 | E71: =VLOOKUP(C71,Produtos!$A$2:$E$36,2,0) -> Mouse sem Fio | F71: =INDEX(Produtos!$A$2:$E$36,MATCH(C71,Produtos!$A$2:$A$36,0),3) -> Eletrônicos | G71: =VLOOKUP(C71,Produtos!$A$2:$E$36,4,0) -> 39.9 | H71: =D71*G71 -> 39.9

Sheet Busca
B2: Painel de Busca de Produtos
B4: EXEMPLO (já funciona)
B5: Digite o Código do Produto: | D5: ELE001
B6: Nome do Produto | D6: =VLOOKUP($D$5,Produtos!$A$2:$E$36,2,0) -> Fone de Ouvido Bluetooth
B7: Categoria | D7: =VLOOKUP($D$5,Produtos!$A$2:$E$36,3,0) -> Eletrônicos
B8: Preço Unitário (R$) | D8: =VLOOKUP($D$5,Produtos!$A$2:$E$36,4,0) -> 89.9
B9: Estoque Disponível (un) | D9: =VLOOKUP($D$5,Produtos!$A$2:$E$36,5,0) -> 87
B12: PRATIQUE VOCÊ MESMO
B13: Código a buscar (já preenchido): | D13: PAP002
B14: Nome do Produto
B15: Categoria
B16: Preço Unitário (R$)
B17: Estoque Disponível (un)
B20: Dica: use a mesma fórmula do exemplo, trocando a referência $D$5 por $D$13.

Sheet Dashboard
B2: Dashboard de Vendas
B4: Vendas por Categoria | F4: Vendas por Mês
B5: Categoria | C5: Total Vendido (R$) | F5: Mês | G5: Total Vendido (R$)
B6: Eletrônicos | C6: =SUMIF(Vendas!$F$2:$F$71,B6,Vendas!$H$2:$H$71) -> 6103.3 | F6: Jan/2026 | G6: =SUMPRODUCT((MONTH(Vendas!$B$2:$B$71)=1)*(YEAR(Vendas!$B$2:$B$71)=2026)*Vendas!$H$2:$H$71) -> 6743.3
B7: Informática | C7: =SUMIF(Vendas!$F$2:$F$71,B7,Vendas!$H$2:$H$71) -> 8511.8 | F7: Fev/2026 | G7: =SUMPRODUCT((MONTH(Vendas!$B$2:$B$71)=2)*(YEAR(Vendas!$B$2:$B$71)=2026)*Vendas!$H$2:$H$71) -> 5249.9
B8: Papelaria | C8: =SUMIF(Vendas!$F$2:$F$71,B8,Vendas!$H$2:$H$71) -> 3845.8 | F8: Mar/2026 | G8: =SUMPRODUCT((MONTH(Vendas!$B$2:$B$71)=3)*(YEAR(Vendas!$B$2:$B$71)=2026)*Vendas!$H$2:$H$71) -> 11282.1
B9: Casa | C9: =SUMIF(Vendas!$F$2:$F$71,B9,Vendas!$H$2:$H$71) -> 11621.3 | F9: Abr/2026 | G9: =SUMPRODUCT((MONTH(Vendas!$B$2:$B$71)=4)*(YEAR(Vendas!$B$2:$B$71)=2026)*Vendas!$H$2:$H$71) -> 7018.8
B10: Vestuário | C10: =SUMIF(Vendas!$F$2:$F$71,B10,Vendas!$H$2:$H$71) -> 11239.9 | F10: Mai/2026 | G10: =SUMPRODUCT((MONTH(Vendas!$B$2:$B$71)=5)*(YEAR(Vendas!$B$2:$B$71)=2026)*Vendas!$H$2:$H$71) -> 4807.3
F11: Jun/2026 | G11: =SUMPRODUCT((MONTH(Vendas!$B$2:$B$71)=6)*(YEAR(Vendas!$B$2:$B$71)=2026)*Vendas!$H$2:$H$71) -> 5562.2
F12: Jul/2026 | G12: =SUMPRODUCT((MONTH(Vendas!$B$2:$B$71)=7)*(YEAR(Vendas!$B$2:$B$71)=2026)*Vendas!$H$2:$H$71) -> 658.5
